Database,Keyword,Volume,Keyword Difficulty
pl,agencje digitalowe,110,31
pl,agencja digitalowa,110,38
us,agile developement,320,81
us,agile software house,70,5
us,agile software development company,210,13
us,agile software development,5400,79
us,agile software development services,170,18
us,agile software development companies,50,14
us,ai software development services,480,45
us,artificial intelligence software development services,50,42
us,custom ai development services,40,41
uk,artificial intelligence development services,70,28
us,ai development company,1300,49
us,ai ml development services,210,33
us,ai/ml development services,210,35
pl,amazon server services,110,50
pl,awservice,90,23
us,android mobile app quality assurance,50,2
us,mobile application quality assurance,30,14
us,mobile app quality assurance,40,5
us,custom angular development,40,4
us,angular development services,320,15
pl,web aplikacja,70,17
pl,aplikacja internetowa,260,9
pl,aplikacja natywna,170,16
pl,co to aplikacja webowa,90,10
pl,aplikacja webowa,590,16
pl,aplikacja desktopowa,320,14
pl,aplikacje desktopowe,320,14
pl,aplikacje webowe,390,12
pl,android software house,90,14
pl,aplikacja mobilna,9900,58
pl,co to jest aplikacja mobilna,260,22
pl,aplikacje mobilne przyk≈Çady,140,14
pl,aplikacje mobile,110,41
pl,kto tworzy aplikacje mobilne,70,13
pl,aplikacje mobilne,480,32
pl,aplikacje ios,320,21
pl,ios aplikacje,170,16
pl,aplikacja mobilna co to jest,140,17
us,mobile app development,12100,81
pl,mobile development poland,70,21
pl,app development services,70,52
us,custom app development services,320,38
us,custom mobile app development,1000,45
us,corporate app developers,90,39
us,cloud application development services,390,26
us,cloud app development services,210,22
us,best mobile app developers,590,32